{
    "Table": {
        "TableName": "serverless-rest-api-with-dynamodb-dev",
        "KeySchema": [
            {
                "AttributeName": "id",
                "KeyType": "HASH"
            }
        ],
        "AttributeDefinitions": [
            {
                "AttributeName": "id",
                "AttributeType": "S"
            }
        ],
        "ProvisionedThroughput": {
            "ReadCapacityUnits": 1,
            "WriteCapacityUnits": 1
        }
    }
}
